Workbook

Sheet Исходные данные
B2: Нитрат | H2: Нитрит | N2: Сульфат | T2: Фторид | Z2: Фосфат | AF2: Хлорид
B4: Номер | C4: Время | D4: Высота | E4: Площадь | F4: Концентрация | H4: Номер | I4: Время | J4: Высота | K4: Площадь | L4: Концентрация | N4: Номер | O4: Время | P4: Высота | Q4: Площадь | R4: Концентрация | T4: Номер | U4: Время | V4: Высота | W4: Площадь | X4: Концентрация | Z4: Номер | AA4: Время | AB4: Высота | AC4: Площадь | AD4: Концентрация | AF4: Номер | AG4: Время | AH4: Высота | AI4: Площадь | AJ4: Концентрация
B5: 1 | C5: 3.738 | D5: 10.174 | E5: 253.8 | F5: 50 | H5: 1 | I5: 3.485 | J5: 13.919 | K5: 317.9 | L5: 50 | N5: 1 | O5: 3.587 | P5: 53.98 | Q5: 1323.4 | R5: 200 | T5: 1 | U5: 4.067 | V5: 8.75 | W5: 227.1 | X5: 10 | Z5: 1 | AA5: 4.382 | AB5: 9.088 | AC5: 236.1 | AD5: 25 | AF5: 1 | AG5: 3.382 | AH5: 61.751 | AI5: 1630.2 | AJ5: 200
B6: 2 | C6: 3.71 | D6: 10.163 | E6: 252.8 | F6: 50 | H6: 2 | I6: 3.458 | J6: 13.914 | K6: 317 | L6: 50 | N6: 2 | O6: 3.56 | P6: 53.958 | Q6: 1319.6 | R6: 200 | T6: 2 | U6: 4.105 | V6: 8.746 | W6: 228.6 | X6: 10 | Z6: 2 | AA6: 4.425 | AB6: 9.116 | AC6: 241.8 | AD6: 25 | AF6: 2 | AG6: 3.358 | AH6: 61.769 | AI6: 1626.3 | AJ6: 200
B7: 3 | C7: 3.724 | D7: 10.177 | E7: 253.5 | F7: 50 | H7: 3 | I7: 3.471 | J7: 13.931 | K7: 317.8 | L7: 50 | N7: 3 | O7: 3.574 | P7: 53.878 | Q7: 1319.3 | R7: 200 | T7: 3 | U7: 4.086 | V7: 8.733 | W7: 227.5 | X7: 10 | Z7: 3 | AA7: 4.403 | AB7: 9.119 | AC7: 239.4 | AD7: 25 | AF7: 3 | AG7: 3.37 | AH7: 61.929 | AI7: 1632.7 | AJ7: 200
B8: 1 | C8: 3.71 | D8: 5.315 | E8: 126.4 | F8: 25 | H8: 1 | I8: 3.403 | J8: 7.528 | K8: 157.8 | L8: 25 | N8: 1 | O8: 3.488 | P8: 29.363 | Q8: 655.8 | R8: 100 | T8: 1 | U8: 4.007 | V8: 4.577 | W8: 113.4 | X8: 5 | Z8: 1 | AA8: 4.292 | AB8: 4.787 | AC8: 120 | AD8: 12.5 | AF8: 1 | AG8: 3.292 | AH8: 32.217 | AI8: 808.5 | AJ8: 100
B9: 2 | C9: 3.665 | D9: 5.321 | E9: 126.1 | F9: 25 | H9: 2 | I9: 3.443 | J9: 7.52 | K9: 158 | L9: 25 | N9: 2 | O9: 3.53 | P9: 29.36 | Q9: 656.8 | R9: 100 | T9: 2 | U9: 4.063 | V9: 4.566 | W9: 112.5 | X9: 5 | Z9: 2 | AA9: 4.357 | AB9: 4.789 | AC9: 119.9 | AD9: 12.5 | AF9: 2 | AG9: 3.328 | AH9: 32.166 | AI9: 809.3 | AJ9: 100
B10: 3 | C10: 3.688 | D10: 5.303 | E10: 125.9 | F10: 25 | H10: 3 | I10: 3.423 | J10: 7.542 | K10: 158.3 | L10: 25 | N10: 3 | O10: 3.509 | P10: 29.362 | Q10: 656.3 | R10: 100 | T10: 3 | U10: 4.035 | V10: 4.574 | W10: 113 | X10: 5 | Z10: 3 | AA10: 4.325 | AB10: 4.794 | AC10: 120.1 | AD10: 12.5 | AF10: 3 | AG10: 3.31 | AH10: 32.16 | AI10: 808.1 | AJ10: 100
B11: 1 | C11: 3.847 | D11: 1.393 | E11: 29.3 | F11: 5 | H11: 1 | I11: 3.533 | J11: 2.022 | K11: 36.3 | L11: 5 | N11: 1 | O11: 3.628 | P11: 8.682 | Q11: 150.6 | R11: 20 | T11: 1 | U11: 4.208 | V11: 1.147 | W11: 26.3 | X11: 1 | Z11: 1 | AA11: 4.513 | AB11: 1.224 | AC11: 28.1 | AD11: 2.5 | AF11: 1 | AG11: 3.407 | AH11: 8.157 | AI11: 185.7 | AJ11: 20
B12: 2 | C12: 3.83 | D12: 1.395 | E12: 29.3 | F12: 5 | H12: 2 | I12: 3.548 | J12: 2.014 | K12: 36.4 | L12: 5 | N12: 2 | O12: 3.612 | P12: 8.651 | Q12: 150.6 | R12: 20 | T12: 2 | U12: 4.23 | V12: 1.142 | W12: 26.4 | X12: 1 | Z12: 2 | AA12: 4.54 | AB12: 1.221 | AC12: 28.1 | AD12: 2.5 | AF12: 2 | AG12: 3.393 | AH12: 8.169 | AI12: 185.6 | AJ12: 20
B13: 3 | C13: 3.838 | D13: 1.392 | E13: 29.3 | F13: 5 | H13: 3 | I13: 3.54 | J13: 2.013 | K13: 36.3 | L13: 5 | N13: 3 | O13: 3.62 | P13: 8.642 | Q13: 150.2 | R13: 20 | T13: 3 | U13: 4.219 | V13: 1.147 | W13: 26.4 | X13: 1 | Z13: 3 | AA13: 4.527 | AB13: 1.221 | AC13: 28.1 | AD13: 2.5 | AF13: 3 | AG13: 3.4 | AH13: 8.143 | AI13: 185.2 | AJ13: 20
B14: 1 | C14: 3.84 | D14: 0.135 | E14: 2.8 | F14: 0.5 | H14: 1 | I14: 3.535 | J14: 0.16 | K14: 3.2 | L14: 0.5 | N14: 1 | O14: 3.615 | P14: 0.627 | Q14: 13.4 | R14: 2 | T14: 1 | U14: 4.24 | V14: 0.096 | W14: 2.1 | X14: 0.1 | Z14: 1 | AA14: 4.552 | AB14: 0.116 | AC14: 2.5 | AD14: 0.25 | AF14: 1 | AG14: 3.368 | AH14: 0.841 | AI14: 16.8 | AJ14: 2
B15: 2 | C15: 3.84 | D15: 0.128 | E15: 2.6 | F15: 0.5 | H15: 2 | I15: 3.535 | J15: 0.159 | K15: 3.2 | L15: 0.5 | N15: 2 | O15: 3.617 | P15: 0.715 | Q15: 13.4 | R15: 2 | T15: 2 | U15: 4.242 | V15: 0.091 | W15: 2.1 | X15: 0.1 | Z15: 2 | AA15: 4.553 | AB15: 0.146 | AC15: 2.9 | AD15: 0.25 | AF15: 2 | AG15: 3.37 | AH15: 0.923 | AI15: 17.7 | AJ15: 2
B16: 3 | C16: 3.84 | D16: 0.131 | E16: 2.7 | F16: 0.5 | H16: 3 | I16: 3.535 | J16: 0.159 | K16: 3.2 | L16: 0.5 | N16: 3 | O16: 3.616 | P16: 0.67 | Q16: 13.4 | R16: 2 | T16: 3 | U16: 4.241 | V16: 0.093 | W16: 2.1 | X16: 0.1 | Z16: 3 | AA16: 4.553 | AB16: 0.131 | AC16: 2.7 | AD16: 0.25 | AF16: 3 | AG16: 3.369 | AH16: 0.88 | AI16: 17.2 | AJ16: 2
B17: 1 | C17: 3.84 | D17: 0.048 | E17: 1 | F17: 0.2 | H17: 1 | I17: 3.535 | J17: 0.063 | K17: 1.3 | L17: 0.2 | N17: 1 | O17: 3.612 | P17: 0.289 | Q17: 5.4 | R17: 0.8 | AF17: 1 | AG17: 3.367 | AH17: 0.271 | AI17: 6.5 | AJ17: 0.8
B18: 2 | C18: 3.835 | D18: 0.049 | E18: 1 | F18: 0.2 | H18: 2 | I18: 3.53 | J18: 0.059 | K18: 1.3 | L18: 0.2 | N18: 2 | O18: 3.617 | P18: 0.276 | Q18: 5.3 | R18: 0.8 | AF18: 2 | AG18: 3.363 | AH18: 0.376 | AI18: 7.1 | AJ18: 0.8
B19: 3 | C19: 3.837 | D19: 0.049 | E19: 1 | F19: 0.2 | H19: 3 | I19: 3.532 | J19: 0.061 | K19: 1.3 | L19: 0.2 | N19: 3 | O19: 3.615 | P19: 0.283 | Q19: 5.4 | R19: 0.8 | AF19: 3 | AG19: 3.365 | AH19: 0.324 | AI19: 6.8 | AJ19: 0.8
N20: 1 | O20: 3.622 | P20: 0.177 | Q20: 3.4 | R20: 0.5 | AF20: 1 | AG20: 3.367 | AH20: 0.197 | AI20: 4.1 | AJ20: 0.5
N21: 2 | O21: 3.617 | P21: 0.17 | Q21: 3.3 | R21: 0.5 | AF21: 2 | AG21: 3.37 | AH21: 0.227 | AI21: 4.4 | AJ21: 0.5
N22: 3 | O22: 3.619 | P22: 0.174 | Q22: 3.4 | R22: 0.5 | AF22: 3 | AG22: 3.369 | AH22: 0.212 | AI22: 4.3 | AJ22: 0.5

Sheet Нитрат
B2: Метрологическая обработка: Нитрат-ион (модель S = k*C, R ~ 0.999x)
B4: Сводная таблица параллельных определений
B5: C, мг/дм3 | C5: S1 | D5: S2 | E5: S3 | F5: Sср | G5: t_m ср, мин
B6: ='Исходные данные'!F5 | C6: ='Исходные данные'!E5 | D6: ='Исходные данные'!E6 | E6: ='Исходные данные'!E7 | F6: =AVERAGE(C6:E6) | G6: =AVERAGE('Исходные данные'!C5:C7)
B7: ='Исходные данные'!F8 | C7: ='Исходные данные'!E8 | D7: ='Исходные данные'!E9 | E7: ='Исходные данные'!E10 | F7: =AVERAGE(C7:E7) | G7: =AVERAGE('Исходные данные'!C8:C10)
B8: ='Исходные данные'!F11 | C8: ='Исходные данные'!E11 | D8: ='Исходные данные'!E12 | E8: ='Исходные данные'!E13 | F8: =AVERAGE(C8:E8) | G8: =AVERAGE('Исходные данные'!C11:C13)
B9: ='Исходные данные'!F14 | C9: ='Исходные данные'!E14 | D9: ='Исходные данные'!E15 | E9: ='Исходные данные'!E16 | F9: =AVERAGE(C9:E9) | G9: =AVERAGE('Исходные данные'!C14:C16)
B10: ='Исходные данные'!F17 | C10: ='Исходные данные'!E17 | D10: ='Исходные данные'!E18 | E10: ='Исходные данные'!E19 | F10: =AVERAGE(C10:E10) | G10: =AVERAGE('Исходные данные'!C17:C19)
B12: Расчет параметров калибровочной прямой методом наименьших квадратов (МНК, модель S = k*C)
B13: C (xi) | C13: S (yi) | D13: C^2 (xi^2) | E13: C*S (xi*yi) | F13: S_расч (y_расч) | G13: (yi-y_расч)^2
B14: =$B$6 | C14: =$C$6 | D14: =B14^2 | E14: =B14*C14 | F14: =B14*$C$32 | G14: =(C14-F14)^2
B15: =$B$6 | C15: =$D$6 | D15: =B15^2 | E15: =B15*C15 | F15: =B15*$C$32 | G15: =(C15-F15)^2
B16: =$B$6 | C16: =$E$6 | D16: =B16^2 | E16: =B16*C16 | F16: =B16*$C$32 | G16: =(C16-F16)^2
B17: =$B$7 | C17: =$C$7 | D17: =B17^2 | E17: =B17*C17 | F17: =B17*$C$32 | G17: =(C17-F17)^2
B18: =$B$7 | C18: =$D$7 | D18: =B18^2 | E18: =B18*C18 | F18: =B18*$C$32 | G18: =(C18-F18)^2
B19: =$B$7 | C19: =$E$7 | D19: =B19^2 | E19: =B19*C19 | F19: =B19*$C$32 | G19: =(C19-F19)^2
B20: =$B$8 | C20: =$C$8 | D20: =B20^2 | E20: =B20*C20 | F20: =B20*$C$32 | G20: =(C20-F20)^2
B21: =$B$8 | C21: =$D$8 | D21: =B21^2 | E21: =B21*C21 | F21: =B21*$C$32 | G21: =(C21-F21)^2
B22: =$B$8 | C22: =$E$8 | D22: =B22^2 | E22: =B22*C22 | F22: =B22*$C$32 | G22: =(C22-F22)^2
B23: =$B$9 | C23: =$C$9 | D23: =B23^2 | E23: =B23*C23 | F23: =B23*$C$32 | G23: =(C23-F23)^2
B24: =$B$9 | C24: =$D$9 | D24: =B24^2 | E24: =B24*C24 | F24: =B24*$C$32 | G24: =(C24-F24)^2
B25: =$B$9 | C25: =$E$9 | D25: =B25^2 | E25: =B25*C25 | F25: =B25*$C$32 | G25: =(C25-F25)^2
B26: =$B$10 | C26: =$C$10 | D26: =B26^2 | E26: =B26*C26 | F26: =B26*$C$32 | G26: =(C26-F26)^2
B27: =$B$10 | C27: =$D$10 | D27: =B27^2 | E27: =B27*C27 | F27: =B27*$C$32 | G27: =(C27-F27)^2
B28: =$B$10 | C28: =$E$10 | D28: =B28^2 | E28: =B28*C28 | F28: =B28*$C$32 | G28: =(C28-F28)^2
A29: Сумма (Σ) | B29: =SUM(B14:B28) | C29: =SUM(C14:C28) | D29: =SUM(D14:D28) | E29: =SUM(E14:E28) | G29: =SUM(G14:G28)
A30: Сумма в квадрате (Σ²) | B30: =B29^2 | C30: =C29^2
B31: Метрологические параметры регрессии (S = k*C)
B32: k (slope) | C32: =E29/D29
B33: S(y)^2 | C33: =G29/(15-1)
B34: S(y) | C34: =SQRT(C33)
B35: S(k)^2 | C35: =C33/D29
B36: S(k) | C36: =SQRT(C35)
B37: t(0.95, 14) | C37: =T.INV.2T(1-0.95, 15-1)
B38: Dk | C38: =C37*C36
B39: R^2 | C39: =RSQ(C14:C28, B14:B28)

Sheet Нитрит
B2: Метрологическая обработка: Нитрит-ион (модель S = k*C, R ~ 0.999x)
B4: Сводная таблица параллельных определений
B5: C, мг/дм3 | C5: S1 | D5: S2 | E5: S3 | F5: Sср | G5: t_m ср, мин
B6: ='Исходные данные'!L5 | C6: ='Исходные данные'!K5 | D6: ='Исходные данные'!K6 | E6: ='Исходные данные'!K7 | F6: =AVERAGE(C6:E6) | G6: =AVERAGE('Исходные данные'!I5:I7)
B7: ='Исходные данные'!L8 | C7: ='Исходные данные'!K8 | D7: ='Исходные данные'!K9 | E7: ='Исходные данные'!K10 | F7: =AVERAGE(C7:E7) | G7: =AVERAGE('Исходные данные'!I8:I10)
B8: ='Исходные данные'!L11 | C8: ='Исходные данные'!K11 | D8: ='Исходные данные'!K12 | E8: ='Исходные данные'!K13 | F8: =AVERAGE(C8:E8) | G8: =AVERAGE('Исходные данные'!I11:I13)
B9: ='Исходные данные'!L14 | C9: ='Исходные данные'!K14 | D9: ='Исходные данные'!K15 | E9: ='Исходные данные'!K16 | F9: =AVERAGE(C9:E9) | G9: =AVERAGE('Исходные данные'!I14:I16)
B10: ='Исходные данные'!L17 | C10: ='Исходные данные'!K17 | D10: ='Исходные данные'!K18 | E10: ='Исходные данные'!K19 | F10: =AVERAGE(C10:E10) | G10: =AVERAGE('Исходные данные'!I17:I19)
B12: Расчет параметров калибровочной прямой методом наименьших квадратов (МНК, модель S = k*C)
B13: C (xi) | C13: S (yi) | D13: C^2 (xi^2) | E13: C*S (xi*yi) | F13: S_расч (y_расч) | G13: (yi-y_расч)^2
B14: =$B$6 | C14: =$C$6 | D14: =B14^2 | E14: =B14*C14 | F14: =B14*$C$32 | G14: =(C14-F14)^2
B15: =$B$6 | C15: =$D$6 | D15: =B15^2 | E15: =B15*C15 | F15: =B15*$C$32 | G15: =(C15-F15)^2
B16: =$B$6 | C16: =$E$6 | D16: =B16^2 | E16: =B16*C16 | F16: =B16*$C$32 | G16: =(C16-F16)^2
B17: =$B$7 | C17: =$C$7 | D17: =B17^2 | E17: =B17*C17 | F17: =B17*$C$32 | G17: =(C17-F17)^2
B18: =$B$7 | C18: =$D$7 | D18: =B18^2 | E18: =B18*C18 | F18: =B18*$C$32 | G18: =(C18-F18)^2
B19: =$B$7 | C19: =$E$7 | D19: =B19^2 | E19: =B19*C19 | F19: =B19*$C$32 | G19: =(C19-F19)^2
B20: =$B$8 | C20: =$C$8 | D20: =B20^2 | E20: =B20*C20 | F20: =B20*$C$32 | G20: =(C20-F20)^2
B21: =$B$8 | C21: =$D$8 | D21: =B21^2 | E21: =B21*C21 | F21: =B21*$C$32 | G21: =(C21-F21)^2
B22: =$B$8 | C22: =$E$8 | D22: =B22^2 | E22: =B22*C22 | F22: =B22*$C$32 | G22: =(C22-F22)^2
B23: =$B$9 | C23: =$C$9 | D23: =B23^2 | E23: =B23*C23 | F23: =B23*$C$32 | G23: =(C23-F23)^2
B24: =$B$9 | C24: =$D$9 | D24: =B24^2 | E24: =B24*C24 | F24: =B24*$C$32 | G24: =(C24-F24)^2
B25: =$B$9 | C25: =$E$9 | D25: =B25^2 | E25: =B25*C25 | F25: =B25*$C$32 | G25: =(C25-F25)^2
B26: =$B$10 | C26: =$C$10 | D26: =B26^2 | E26: =B26*C26 | F26: =B26*$C$32 | G26: =(C26-F26)^2
B27: =$B$10 | C27: =$D$10 | D27: =B27^2 | E27: =B27*C27 | F27: =B27*$C$32 | G27: =(C27-F27)^2
B28: =$B$10 | C28: =$E$10 | D28: =B28^2 | E28: =B28*C28 | F28: =B28*$C$32 | G28: =(C28-F28)^2
A29: Сумма (Σ) | B29: =SUM(B14:B28) | C29: =SUM(C14:C28) | D29: =SUM(D14:D28) | E29: =SUM(E14:E28) | G29: =SUM(G14:G28)
A30: Сумма в квадрате (Σ²) | B30: =B29^2 | C30: =C29^2
B31: Метрологические параметры регрессии (S = k*C)
B32: k (slope) | C32: =E29/D29
B33: S(y)^2 | C33: =G29/(15-1)
B34: S(y) | C34: =SQRT(C33)
B35: S(k)^2 | C35: =C33/D29
B36: S(k) | C36: =SQRT(C35)
B37: t(0.95, 14) | C37: =T.INV.2T(1-0.95, 15-1)
B38: Dk | C38: =C37*C36
B39: R^2 | C39: =RSQ(C14:C28, B14:B28)

Sheet Сульфат
B2: Метрологическая обработка: Сульфат-ион (модель S = k*C, R ~ 0.999x)
B4: Сводная таблица параллельных определений
B5: C, мг/дм3 | C5: S1 | D5: S2 | E5: S3 | F5: Sср | G5: t_m ср, мин
B6: ='Исходные данные'!R5 | C6: ='Исходные данные'!Q5 | D6: ='Исходные данные'!Q6 | E6: ='Исходные данные'!Q7 | F6: =AVERAGE(C6:E6) | G6: =AVERAGE('Исходные данные'!O5:O7)
B7: ='Исходные данные'!R8 | C7: ='Исходные данные'!Q8 | D7: ='Исходные данные'!Q9 | E7: ='Исходные данные'!Q10 | F7: =AVERAGE(C7:E7) | G7: =AVERAGE('Исходные данные'!O8:O10)
B8: ='Исходные данные'!R11 | C8: ='Исходные данные'!Q11 | D8: ='Исходные данные'!Q12 | E8: ='Исходные данные'!Q13 | F8: =AVERAGE(C8:E8) | G8: =AVERAGE('Исходные данные'!O11:O13)
B9: ='Исходные данные'!R14 | C9: ='Исходные данные'!Q14 | D9: ='Исходные данные'!Q15 | E9: ='Исходные данные'!Q16 | F9: =AVERAGE(C9:E9) | G9: =AVERAGE('Исходные данные'!O14:O16)
B10: ='Исходные данные'!R17 | C10: ='Исходные данные'!Q17 | D10: ='Исходные данные'!Q18 | E10: ='Исходные данные'!Q19 | F10: =AVERAGE(C10:E10) | G10: =AVERAGE('Исходные данные'!O17:O19)
B11: ='Исходные данные'!R20 | C11: ='Исходные данные'!Q20 | D11: ='Исходные данные'!Q21 | E11: ='Исходные данные'!Q22 | F11: =AVERAGE(C11:E11) | G11: =AVERAGE('Исходные данные'!O20:O22)
B12: Расчет параметров калибровочной прямой методом наименьших квадратов (МНК, модель S = k*C)
B13: C (xi) | C13: S (yi) | D13: C^2 (xi^2) | E13: C*S (xi*yi) | F13: S_расч (y_расч) | G13: (yi-y_расч)^2
B14: =$B$6 | C14: =$C$6 | D14: =B14^2 | E14: =B14*C14 | F14: =B14*$C$35 | G14: =(C14-F14)^2
B15: =$B$6 | C15: =$D$6 | D15: =B15^2 | E15: =B15*C15 | F15: =B15*$C$35 | G15: =(C15-F15)^2
B16: =$B$6 | C16: =$E$6 | D16: =B16^2 | E16: =B16*C16 | F16: =B16*$C$35 | G16: =(C16-F16)^2
B17: =$B$7 | C17: =$C$7 | D17: =B17^2 | E17: =B17*C17 | F17: =B17*$C$35 | G17: =(C17-F17)^2
B18: =$B$7 | C18: =$D$7 | D18: =B18^2 | E18: =B18*C18 | F18: =B18*$C$35 | G18: =(C18-F18)^2
B19: =$B$7 | C19: =$E$7 | D19: =B19^2 | E19: =B19*C19 | F19: =B19*$C$35 | G19: =(C19-F19)^2
B20: =$B$8 | C20: =$C$8 | D20: =B20^2 | E20: =B20*C20 | F20: =B20*$C$35 | G20: =(C20-F20)^2
B21: =$B$8 | C21: =$D$8 | D21: =B21^2 | E21: =B21*C21 | F21: =B21*$C$35 | G21: =(C21-F21)^2
B22: =$B$8 | C22: =$E$8 | D22: =B22^2 | E22: =B22*C22 | F22: =B22*$C$35 | G22: =(C22-F22)^2
B23: =$B$9 | C23: =$C$9 | D23: =B23^2 | E23: =B23*C23 | F23: =B23*$C$35 | G23: =(C23-F23)^2
B24: =$B$9 | C24: =$D$9 | D24: =B24^2 | E24: =B24*C24 | F24: =B24*$C$35 | G24: =(C24-F24)^2
B25: =$B$9 | C25: =$E$9 | D25: =B25^2 | E25: =B25*C25 | F25: =B25*$C$35 | G25: =(C25-F25)^2
B26: =$B$10 | C26: =$C$10 | D26: =B26^2 | E26: =B26*C26 | F26: =B26*$C$35 | G26: =(C26-F26)^2
B27: =$B$10 | C27: =$D$10 | D27: =B27^2 | E27: =B27*C27 | F27: =B27*$C$35 | G27: =(C27-F27)^2
B28: =$B$10 | C28: =$E$10 | D28: =B28^2 | E28: =B28*C28 | F28: =B28*$C$35 | G28: =(C28-F28)^2
B29: =$B$11 | C29: =$C$11 | D29: =B29^2 | E29: =B29*C29 | F29: =B29*$C$35 | G29: =(C29-F29)^2
B30: =$B$11 | C30: =$D$11 | D30: =B30^2 | E30: =B30*C30 | F30: =B30*$C$35 | G30: =(C30-F30)^2
B31: =$B$11 | C31: =$E$11 | D31: =B31^2 | E31: =B31*C31 | F31: =B31*$C$35 | G31: =(C31-F31)^2
A32: Сумма (Σ) | B32: =SUM(B14:B31) | C32: =SUM(C14:C31) | D32: =SUM(D14:D31) | E32: =SUM(E14:E31) | G32: =SUM(G14:G31)
A33: Сумма в квадрате (Σ²) | B33: =B32^2 | C33: =C32^2
B34: Метрологические параметры регрессии (S = k*C)
B35: k (slope) | C35: =E32/D32
B36: S(y)^2 | C36: =G32/(18-1)
B37: S(y) | C37: =SQRT(C36)
B38: S(k)^2 | C38: =C36/D32
B39: S(k) | C39: =SQRT(C38)
B40: t(0.95, 17) | C40: =T.INV.2T(1-0.95, 18-1)
B41: Dk | C41: =C40*C39
B42: R^2 | C42: =RSQ(C14:C31, B14:B31)

Sheet Фторид
B2: Метрологическая обработка: Фторид-ион (модель S = k*C, R ~ 0.999x)
B4: Сводная таблица параллельных определений
B5: C, мг/дм3 | C5: S1 | D5: S2 | E5: S3 | F5: Sср | G5: t_m ср, мин
B6: ='Исходные данные'!X5 | C6: ='Исходные данные'!W5 | D6: ='Исходные данные'!W6 | E6: ='Исходные данные'!W7 | F6: =AVERAGE(C6:E6) | G6: =AVERAGE('Исходные данные'!U5:U7)
B7: ='Исходные данные'!X8 | C7: ='Исходные данные'!W8 | D7: ='Исходные данные'!W9 | E7: ='Исходные данные'!W10 | F7: =AVERAGE(C7:E7) | G7: =AVERAGE('Исходные данные'!U8:U10)
B8: ='Исходные данные'!X11 | C8: ='Исходные данные'!W11 | D8: ='Исходные данные'!W12 | E8: ='Исходные данные'!W13 | F8: =AVERAGE(C8:E8) | G8: =AVERAGE('Исходные данные'!U11:U13)
B9: ='Исходные данные'!X14 | C9: ='Исходные данные'!W14 | D9: ='Исходные данные'!W15 | E9: ='Исходные данные'!W16 | F9: =AVERAGE(C9:E9) | G9: =AVERAGE('Исходные данные'!U14:U16)
B12: Расчет параметров калибровочной прямой методом наименьших квадратов (МНК, модель S = k*C)
B13: C (xi) | C13: S (yi) | D13: C^2 (xi^2) | E13: C*S (xi*yi) | F13: S_расч (y_расч) | G13: (yi-y_расч)^2
B14: =$B$6 | C14: =$C$6 | D14: =B14^2 | E14: =B14*C14 | F14: =B14*$C$29 | G14: =(C14-F14)^2
B15: =$B$6 | C15: =$D$6 | D15: =B15^2 | E15: =B15*C15 | F15: =B15*$C$29 | G15: =(C15-F15)^2
B16: =$B$6 | C16: =$E$6 | D16: =B16^2 | E16: =B16*C16 | F16: =B16*$C$29 | G16: =(C16-F16)^2
B17: =$B$7 | C17: =$C$7 | D17: =B17^2 | E17: =B17*C17 | F17: =B17*$C$29 | G17: =(C17-F17)^2
B18: =$B$7 | C18: =$D$7 | D18: =B18^2 | E18: =B18*C18 | F18: =B18*$C$29 | G18: =(C18-F18)^2
B19: =$B$7 | C19: =$E$7 | D19: =B19^2 | E19: =B19*C19 | F19: =B19*$C$29 | G19: =(C19-F19)^2
B20: =$B$8 | C20: =$C$8 | D20: =B20^2 | E20: =B20*C20 | F20: =B20*$C$29 | G20: =(C20-F20)^2
B21: =$B$8 | C21: =$D$8 | D21: =B21^2 | E21: =B21*C21 | F21: =B21*$C$29 | G21: =(C21-F21)^2
B22: =$B$8 | C22: =$E$8 | D22: =B22^2 | E22: =B22*C22 | F22: =B22*$C$29 | G22: =(C22-F22)^2
B23: =$B$9 | C23: =$C$9 | D23: =B23^2 | E23: =B23*C23 | F23: =B23*$C$29 | G23: =(C23-F23)^2
B24: =$B$9 | C24: =$D$9 | D24: =B24^2 | E24: =B24*C24 | F24: =B24*$C$29 | G24: =(C24-F24)^2
B25: =$B$9 | C25: =$E$9 | D25: =B25^2 | E25: =B25*C25 | F25: =B25*$C$29 | G25: =(C25-F25)^2
A26: Сумма (Σ) | B26: =SUM(B14:B25) | C26: =SUM(C14:C25) | D26: =SUM(D14:D25) | E26: =SUM(E14:E25) | G26: =SUM(G14:G25)
A27: Сумма в квадрате (Σ²) | B27: =B26^2 | C27: =C26^2
B28: Метрологические параметры регрессии (S = k*C)
B29: k (slope) | C29: =E26/D26
B30: S(y)^2 | C30: =G26/(12-1)
B31: S(y) | C31: =SQRT(C30)
B32: S(k)^2 | C32: =C30/D26
B33: S(k) | C33: =SQRT(C32)
B34: t(0.95, 11) | C34: =T.INV.2T(1-0.95, 12-1)
B35: Dk | C35: =C34*C33
B36: R^2 | C36: =RSQ(C14:C25, B14:B25)

Sheet Фосфат
B2: Метрологическая обработка: Фосфат-ион (модель S = k*C, R ~ 0.999x)
B4: Сводная таблица параллельных определений
B5: C, мг/дм3 | C5: S1 | D5: S2 | E5: S3 | F5: Sср | G5: t_m ср, мин
B6: ='Исходные данные'!AD5 | C6: ='Исходные данные'!AC5 | D6: ='Исходные данные'!AC6 | E6: ='Исходные данные'!AC7 | F6: =AVERAGE(C6:E6) | G6: =AVERAGE('Исходные данные'!AA5:AA7)
B7: ='Исходные данные'!AD8 | C7: ='Исходные данные'!AC8 | D7: ='Исходные данные'!AC9 | E7: ='Исходные данные'!AC10 | F7: =AVERAGE(C7:E7) | G7: =AVERAGE('Исходные данные'!AA8:AA10)
B8: ='Исходные данные'!AD11 | C8: ='Исходные данные'!AC11 | D8: ='Исходные данные'!AC12 | E8: ='Исходные данные'!AC13 | F8: =AVERAGE(C8:E8) | G8: =AVERAGE('Исходные данные'!AA11:AA13)
B9: ='Исходные данные'!AD14 | C9: ='Исходные данные'!AC14 | D9: ='Исходные данные'!AC15 | E9: ='Исходные данные'!AC16 | F9: =AVERAGE(C9:E9) | G9: =AVERAGE('Исходные данные'!AA14:AA16)
B12: Расчет параметров калибровочной прямой методом наименьших квадратов (МНК, модель S = k*C)
B13: C (xi) | C13: S (yi) | D13: C^2 (xi^2) | E13: C*S (xi*yi) | F13: S_расч (y_расч) | G13: (yi-y_расч)^2
B14: =$B$6 | C14: =$C$6 | D14: =B14^2 | E14: =B14*C14 | F14: =B14*$C$29 | G14: =(C14-F14)^2
B15: =$B$6 | C15: =$D$6 | D15: =B15^2 | E15: =B15*C15 | F15: =B15*$C$29 | G15: =(C15-F15)^2
B16: =$B$6 | C16: =$E$6 | D16: =B16^2 | E16: =B16*C16 | F16: =B16*$C$29 | G16: =(C16-F16)^2
B17: =$B$7 | C17: =$C$7 | D17: =B17^2 | E17: =B17*C17 | F17: =B17*$C$29 | G17: =(C17-F17)^2
B18: =$B$7 | C18: =$D$7 | D18: =B18^2 | E18: =B18*C18 | F18: =B18*$C$29 | G18: =(C18-F18)^2
B19: =$B$7 | C19: =$E$7 | D19: =B19^2 | E19: =B19*C19 | F19: =B19*$C$29 | G19: =(C19-F19)^2
B20: =$B$8 | C20: =$C$8 | D20: =B20^2 | E20: =B20*C20 | F20: =B20*$C$29 | G20: =(C20-F20)^2
B21: =$B$8 | C21: =$D$8 | D21: =B21^2 | E21: =B21*C21 | F21: =B21*$C$29 | G21: =(C21-F21)^2
B22: =$B$8 | C22: =$E$8 | D22: =B22^2 | E22: =B22*C22 | F22: =B22*$C$29 | G22: =(C22-F22)^2
B23: =$B$9 | C23: =$C$9 | D23: =B23^2 | E23: =B23*C23 | F23: =B23*$C$29 | G23: =(C23-F23)^2
B24: =$B$9 | C24: =$D$9 | D24: =B24^2 | E24: =B24*C24 | F24: =B24*$C$29 | G24: =(C24-F24)^2
B25: =$B$9 | C25: =$E$9 | D25: =B25^2 | E25: =B25*C25 | F25: =B25*$C$29 | G25: =(C25-F25)^2
A26: Сумма (Σ) | B26: =SUM(B14:B25) | C26: =SUM(C14:C25) | D26: =SUM(D14:D25) | E26: =SUM(E14:E25) | G26: =SUM(G14:G25)
A27: Сумма в квадрате (Σ²) | B27: =B26^2 | C27: =C26^2
B28: Метрологические параметры регрессии (S = k*C)
B29: k (slope) | C29: =E26/D26
B30: S(y)^2 | C30: =G26/(12-1)
B31: S(y) | C31: =SQRT(C30)
B32: S(k)^2 | C32: =C30/D26
B33: S(k) | C33: =SQRT(C32)
B34: t(0.95, 11) | C34: =T.INV.2T(1-0.95, 12-1)
B35: Dk | C35: =C34*C33
B36: R^2 | C36: =RSQ(C14:C25, B14:B25)

Sheet Хлорид
B2: Метрологическая обработка: Хлорид-ион (модель S = k*C, R ~ 0.999x)
B4: Сводная таблица параллельных определений
B5: C, мг/дм3 | C5: S1 | D5: S2 | E5: S3 | F5: Sср | G5: t_m ср, мин
B6: ='Исходные данные'!AJ5 | C6: ='Исходные данные'!AI5 | D6: ='Исходные данные'!AI6 | E6: ='Исходные данные'!AI7 | F6: =AVERAGE(C6:E6) | G6: =AVERAGE('Исходные данные'!AG5:AG7)
B7: ='Исходные данные'!AJ8 | C7: ='Исходные данные'!AI8 | D7: ='Исходные данные'!AI9 | E7: ='Исходные данные'!AI10 | F7: =AVERAGE(C7:E7) | G7: =AVERAGE('Исходные данные'!AG8:AG10)
B8: ='Исходные данные'!AJ11 | C8: ='Исходные данные'!AI11 | D8: ='Исходные данные'!AI12 | E8: ='Исходные данные'!AI13 | F8: =AVERAGE(C8:E8) | G8: =AVERAGE('Исходные данные'!AG11:AG13)
B9: ='Исходные данные'!AJ14 | C9: ='Исходные данные'!AI14 | D9: ='Исходные данные'!AI15 | E9: ='Исходные данные'!AI16 | F9: =AVERAGE(C9:E9) | G9: =AVERAGE('Исходные данные'!AG14:AG16)
B10: ='Исходные данные'!AJ17 | C10: ='Исходные данные'!AI17 | D10: ='Исходные данные'!AI18 | E10: ='Исходные данные'!AI19 | F10: =AVERAGE(C10:E10) | G10: =AVERAGE('Исходные данные'!AG17:AG19)
B11: ='Исходные данные'!AJ20 | C11: ='Исходные данные'!AI20 | D11: ='Исходные данные'!AI21 | E11: ='Исходные данные'!AI22 | F11: =AVERAGE(C11:E11) | G11: =AVERAGE('Исходные данные'!AG20:AG22)
B12: Расчет параметров калибровочной прямой методом наименьших квадратов (МНК, модель S = k*C)
B13: C (xi) | C13: S (yi) | D13: C^2 (xi^2) | E13: C*S (xi*yi) | F13: S_расч (y_расч) | G13: (yi-y_расч)^2
B14: =$B$6 | C14: =$C$6 | D14: =B14^2 | E14: =B14*C14 | F14: =B14*$C$35 | G14: =(C14-F14)^2
B15: =$B$6 | C15: =$D$6 | D15: =B15^2 | E15: =B15*C15 | F15: =B15*$C$35 | G15: =(C15-F15)^2
B16: =$B$6 | C16: =$E$6 | D16: =B16^2 | E16: =B16*C16 | F16: =B16*$C$35 | G16: =(C16-F16)^2
B17: =$B$7 | C17: =$C$7 | D17: =B17^2 | E17: =B17*C17 | F17: =B17*$C$35 | G17: =(C17-F17)^2
B18: =$B$7 | C18: =$D$7 | D18: =B18^2 | E18: =B18*C18 | F18: =B18*$C$35 | G18: =(C18-F18)^2
B19: =$B$7 | C19: =$E$7 | D19: =B19^2 | E19: =B19*C19 | F19: =B19*$C$35 | G19: =(C19-F19)^2
B20: =$B$8 | C20: =$C$8 | D20: =B20^2 | E20: =B20*C20 | F20: =B20*$C$35 | G20: =(C20-F20)^2
B21: =$B$8 | C21: =$D$8 | D21: =B21^2 | E21: =B21*C21 | F21: =B21*$C$35 | G21: =(C21-F21)^2
B22: =$B$8 | C22: =$E$8 | D22: =B22^2 | E22: =B22*C22 | F22: =B22*$C$35 | G22: =(C22-F22)^2
B23: =$B$9 | C23: =$C$9 | D23: =B23^2 | E23: =B23*C23 | F23: =B23*$C$35 | G23: =(C23-F23)^2
B24: =$B$9 | C24: =$D$9 | D24: =B24^2 | E24: =B24*C24 | F24: =B24*$C$35 | G24: =(C24-F24)^2
B25: =$B$9 | C25: =$E$9 | D25: =B25^2 | E25: =B25*C25 | F25: =B25*$C$35 | G25: =(C25-F25)^2
B26: =$B$10 | C26: =$C$10 | D26: =B26^2 | E26: =B26*C26 | F26: =B26*$C$35 | G26: =(C26-F26)^2
B27: =$B$10 | C27: =$D$10 | D27: =B27^2 | E27: =B27*C27 | F27: =B27*$C$35 | G27: =(C27-F27)^2
B28: =$B$10 | C28: =$E$10 | D28: =B28^2 | E28: =B28*C28 | F28: =B28*$C$35 | G28: =(C28-F28)^2
B29: =$B$11 | C29: =$C$11 | D29: =B29^2 | E29: =B29*C29 | F29: =B29*$C$35 | G29: =(C29-F29)^2
B30: =$B$11 | C30: =$D$11 | D30: =B30^2 | E30: =B30*C30 | F30: =B30*$C$35 | G30: =(C30-F30)^2
B31: =$B$11 | C31: =$E$11 | D31: =B31^2 | E31: =B31*C31 | F31: =B31*$C$35 | G31: =(C31-F31)^2
A32: Сумма (Σ) | B32: =SUM(B14:B31) | C32: =SUM(C14:C31) | D32: =SUM(D14:D31) | E32: =SUM(E14:E31) | G32: =SUM(G14:G31)
A33: Сумма в квадрате (Σ²) | B33: =B32^2 | C33: =C32^2
B34: Метрологические параметры регрессии (S = k*C)
B35: k (slope) | C35: =E32/D32
B36: S(y)^2 | C36: =G32/(18-1)
B37: S(y) | C37: =SQRT(C36)
B38: S(k)^2 | C38: =C36/D32
B39: S(k) | C39: =SQRT(C38)
B40: t(0.95, 17) | C40: =T.INV.2T(1-0.95, 18-1)
B41: Dk | C41: =C40*C39
B42: R^2 | C42: =RSQ(C14:C31, B14:B31)
